{"pitch": [-1.2282034680827536, 11.871076363741915, 78.0092954167873, 63.5149610337456], "energy": [-1.000454068183899, 8.138059616088867, 36.019615158410545, 36.003263979628834]}