{"pitch": [-2.67279634981977, 23.290876708446564, 124.31764337858645, 23.33070858666046], "energy": [-1.1405551433563232, 5.71859073638916, 39.06525855169389, 34.25108951810473]}