{"pitch": [-5.077947836594289, 13.177705895613283, 167.3227113772717, 32.950852738474126], "energy": [-1.3123841285705566, 6.144012928009033, 60.1390662727608, 45.82428280751921]}